{
  "name": "typist",
  "title": "jquery.typist",
  "description": "Animated text typing",
  "keywords": [
    "jquery",
    "plugin",
    "typist",
    "typing",
    "input",
    "animation"
  ],
  "version": "0.0.3",
  "author": {
    "name": "Alexander Burtsev",
    "url": "http://burtsev.me"
  },
  "licenses": [
    {
      "type": "MIT",
      "url": "https://github.com/albburtsev/jquery.typist/blob/master/LICENSE"
    }
  ],
  "bugs": "https://github.com/albburtsev/jquery.typist/issues",
  "homepage": "https://github.com/albburtsev/jquery.typist",
  "docs": "https://github.com/albburtsev/jquery.typist/blob/master/README.md",
  "demo": "http://albburtsev.github.io/jquery.typist/",
  "dependencies": {
    "jquery": ">=1.7"
  }
}
